Variable1,Variable2,Result
3.0,5.0,5.830952
8.0,14.0,16.124515
18.0,2.0,18.11077
32.0,11.0,33.837849
4.0,3.0,5.0
12.0,10.0,15.620499
21.0,6.0,21.84033
7.0,4.0,8.062258
16.0,24.0,28.84441
2.0,9.0,9.219545
